26-01-2024,The Exorcist,1,5
26-01-2024,The Exorcist,1,6
26-01-2024,The Exorcist,2,5
26-01-2024,The Exorcist,2,6
26-01-2024,The Exorcist,3,5
26-01-2024,The Exorcist,3,6
26-01-2024,The Exorcist,4,4
26-01-2024,The Exorcist,4,5
26-01-2024,The Exorcist,4,6
26-01-2024,The Exorcist,4,7
26-01-2024,The Exorcist,5,3
26-01-2024,The Exorcist,5,4
26-01-2024,The Exorcist,5,5
26-01-2024,The Exorcist,5,6
26-01-2024,The Exorcist,5,7
26-01-2024,The Exorcist,5,8
26-01-2024,The Exorcist,6,4
26-01-2024,The Exorcist,6,5
26-01-2024,The Exorcist,6,6
26-01-2024,The Exorcist,6,7
26-01-2024,The Exorcist,7,5
26-01-2024,The Exorcist,7,6
26-01-2024,The Exorcist,12,7
26-01-2024,The Exorcist,13,1
26-01-2024,The Exorcist,13,2
26-01-2024,The Exorcist,13,3
26-01-2024,The Exorcist,13,6
26-01-2024,The Exorcist,13,7
26-01-2024,The Exorcist,14,1
26-01-2024,The Exorcist,14,3
26-01-2024,The Exorcist,14,7
26-01-2024,The Exorcist,15,1
26-01-2024,The Exorcist,15,3
26-01-2024,The Exorcist,15,7
26-01-2024,The Exorcist,16,1
26-01-2024,The Exorcist,16,2
26-01-2024,The Exorcist,16,3
26-01-2024,The Exorcist,16,7
26-01-2024,The Exorcist,16,10
26-01-2024,The Exorcist,17,1
26-01-2024,The Exorcist,17,7
26-01-2024,The Exorcist,17,10
26-01-2024,The Exorcist,18,1
26-01-2024,The Exorcist,18,2
26-01-2024,The Exorcist,18,7
26-01-2024,The Exorcist,18,10
26-01-2024,The Exorcist,19,1
26-01-2024,The Exorcist,19,3
26-01-2024,The Exorcist,19,7
26-01-2024,The Exorcist,19,10
26-01-2024,The Exorcist,20,1
26-01-2024,The Exorcist,20,3
26-01-2024,The Exorcist,20,7
26-01-2024,The Exorcist,20,10
26-01-2024,The Exorcist,21,4
26-01-2024,The Exorcist,21,7
26-01-2024,The Exorcist,21,10
26-01-2024,The Exorcist,22,7
26-01-2024,The Exorcist,22,10
26-01-2024,The Exorcist,23,7
26-01-2024,The Exorcist,23,10
26-01-2024,The Exorcist,24,7
26-01-2024,The Exorcist,24,10
26-01-2024,The Exorcist,25,7
26-01-2024,The Exorcist,25,8
26-01-2024,The Exorcist,25,9
26-01-2024,The Exorcist,25,10
